"excellent","however","situation","physical","mother","burn","straw","structure","western","without","it","canal","program","private","sister","tired","if","nothing","eleven","fix","know","careful","pleasure","orange","deeply","fort","opinion","eventually","beautiful","lower","further","bat","essential","temperature","per","strip","ice","have","dawn","amount","unusual","truth","everyone","wheel","successful","drop","spring","egg","tell","movement","harbor","engine","five","bad","next","magnet","club","seat","new","closer"
"dance","bare","sugar","frame","highway","machine","establish","alone","first","rough","or","strong","soil","establish","long","fresh","pictured","imagine","oldest","stretch","stuck","fill","broad","flame","have","government","cutting","great","cookies","phrase","series","freedom","equator","cattle","south","possible","within","transportation","lead","bright","fell","invented","storm","say","manner","limited","nearly","pie","sang","discussion","similar","blank","particularly","mice","realize","lift","riding","anywhere","fierce","canal"
"flow","fast","operation","degree","research","past","pink","signal","born","throat","those","sudden","organization","doing","previous","anyway","wide","longer","dozen","additional","prove","few","put","whistle","chapter","lay","gravity","wooden","throat","second","note","living","allow","none","total","half","last","liquid","appearance","real","pink","fire","both","noise","donkey","enjoy","balloon","beautiful","noise","satellites","wood","sort","along","skin","grandfather","bar","call","brought","magic","mix"
"feathers","mine","opposite","thrown","knife","trail","rice","another","man","planned","headed","angle","asleep","spider","sudden","lose","comfortable","hang","clay","express","meat","care","stand","meet","whale","ear","opinion","consist","free","thus","from","care","city","choice","tightly","globe","safe","smooth","thirty","basket","closer","pitch","team","chief","toward","measure","mad","doctor","thumb","audience","shot","line","original","wheel","decide","engine","zoo","president","neighborhood","silence"
"check","theory","drove","plenty","brother","mood","pain","pet","organization","stepped","leaving","shut","ground","blank","could","white","state","outline","knife","scientist","dirty","simplest","see","dug","leaf","opportunity","round","yet","carry","plenty","greatly","next","divide","molecular","indeed","courage","law","alone","straight","frozen","company","remain","met","establish","score","with","vessels","herd","heavy","explanation","floating","spirit","butter","storm","giving","mood","catch","satisfied","quite","pie"
"member","writer","habit","who","lake","ranch","darkness","draw","finally","depth","left","blue","give","scientist","feathers","describe","break","position","city","measure","ring","truck","central","work","hello","honor","pony","complex","free","length","harbor","red","higher","south","ancient","weigh","entirely","those","word","wear","did","automobile","if","properly","fell","whistle","problem","uncle","golden","chair","plenty","border","arrive","inch","at","before","men","molecular","burn","evidence"
"volume","bar","goes","that","done","tax","somebody","plates","husband","article","planning","rough","hole","wall","barn","window","flag","product","imagine","bowl","school","moon","cowboy","particular","hall","plate","nose","determine","although","with","began","wish","air","sink","guess","exercise","spend","tie","space","proud","bell","dangerous","stronger","enter","practice","silver","information","whale","salmon","his","together","land","matter","universe","onlinetools","town","itself","kitchen","water","silver"
"unhappy","storm","did","bell","nature","mood","business","but","means","place","brief","several","case","negative","line","pull","parts","question","production","rough","pictured","smallest","nobody","castle","reason","camp","jungle","hollow","dog","creature","dug","differ","stairs","command","rays","motion","opinion","deer","share","pilot","tropical","anyway","president","adult","tightly","exclaimed","tent","upward","me","shut","organized","camera","anybody","rock","late","flag","modern","secret","diagram","instant"
"why","running","lonely","trouble","pet","copper","sense","rabbit","sit","having","bent","ate","blew","adult","heat","willing","process","completely","electric","whole","title","anyone","chief","faster","energy","beyond","key","surface","week","think","collect","sound","post","wear","young","central","station","wise","shake","environment","few","naturally","thank","labor","at","suddenly","mood","fallen","forgotten","report","second","scared","shake","inch","helpful","temperature","company","help","sort","advice"
"meal","yourself","birthday","probably","stock","throw","physical","chose","chapter","five","between","tide","whale","signal","chest","land","surrounded","soldier","dry","research","vapor","continent","account","get","reader","without","picture","environment","some","sort","basic","mental","read","trap","salmon","twenty","highway","variety","knew","twenty","harbor","engine","shoe","military","play","your","mirror","quiet","matter","flight","solve","number","machinery","liquid","stream","system","past","means","per","combine"
"ordinary","torn","author","expression","pet","camera","top","list","wheat","beautiful","cutting","finest","colony","bean","spin","black","buy","tool","fourth","war","twenty","trail","poet","health","around","circus","shout","real","excitement","improve","bite","fourth","climb","fast","decide","handsome","hide","cup","hungry","pitch","cup","engine","serve","measure","wide","task","complex","mood","affect","unit","realize","enter","here","which","begun","shore","most","husband","tip","aside"
"sheep","face","hunter","moment","fruit","telephone","front","kitchen","flew","however","balloon","once","pet","attached","enter","course","boat","harder","office","mysterious","perfectly","order","win","firm","bone","religious","queen","mood","upon","below","fellow","bar","personal","shape","hung","show","draw","wood","oldest","repeat","either","accurate","forty","worker","neighbor","medicine","wave","fill","stared","basic","not","drew","collect","bright","larger","rain","differ","heading","describe","three"
"gravity","lovely","station","nodded","fifteen","touch","straight","oil","damage","castle","green","rough","industrial","forward","wish","truck","tube","red","breath","hospital","automobile","policeman","pen","avoid","taught","bet","we","from","equal","clearly","pack","model","nearer","diagram","explain","valuable","floating","eleven","tears","this","service","again","breakfast","president","member","mainly","adjective","salt","slip","join","excited","price","actual","press","swing","ate","green","ago","facing","held"
"rhythm","keep","who","wide","pony","rubber","drive","gravity","sudden","organization","somehow","speed","grandmother","native","replace","ate","near","attempt","fair","warm","adult","cave","pie","heart","most","visitor","gulf","tomorrow","raw","dawn","warm","blank","detail","monkey","taste","local","sport","managed","escape","was","harbor","long","standard","becoming","handle","past","level","condition","made","pilot","production","anything","strength","car","fruit","inch","speed","find","move","proud"
"completely","needed","rose","dry","than","ring","science","pencil","recall","daughter","gray","began","tiny","pool","earth","nice","select","bow","case","around","condition","tent","column","measure","on","seems","helpful","threw","tea","military","ants","thought","detail","meat","compass","at","evidence","former","nice","poor","scale","speech","park","cold","share","herself","dot","support","torn","dig","certain","pain","salt","mirror","weight","at","beginning","rod","must","degree"
"near","worker","could","instead","rapidly","statement","dust","noise","shape","doctor","bat","record","rush","south","hole","willing","spend","cake","uncle","fastened","game","author","faster","shade","during","girl","universe","speak","speak","rush","between","amount","family","supply","eight","list","torn","frighten","aloud","horse","beside","too","stems","duck","church","palace","eat","gun","farm","coach","jar","zero","open","choose","creature","likely","after","silly","press","thus"
"base","various","fifteen","scene","language","weather","day","went","talk","include","engine","develop","whether","softly","personal","avoid","fort","quick","orbit","refer","fun","dog","four","rhyme","warn","valuable","top","unusual","whom","couple","port","repeat","so","anyway","left","kill","on","fun","pictured","reach","back","help","mark","spend","speed","consider","topic","tropical","sheep","carried","it","peace","suddenly","yes","do","planning","discover","draw","usual","heart"
"man","gulf","won","swept","us","gift","belong","range","read","thee","deeply","pass","strong","poem","front","hello","box","monkey","charge","garden","center","cutting","tiny","nose","temperature","rod","greatly","compare","particles","dollar","bark","rear","settle","swimming","live","pure","daily","increase","perfectly","place","mission","arrangement","hurried","rubber","meal","rocket","railroad","putting","managed","dot","cost","round","bank","private","wide","cannot","uncle","neck","fun","private"
"sight","thy","had","near","four","political","room","coffee","money","fuel","sick","busy","memory","either","magic","great","allow","written","coach","die","report","already","title","roof","simple","hospital","test","since","symbol","trail","burn","point","sad","mix","blew","sum","mass","fall","pool","bee","blue","driven","chest","captain","floor","poetry","chain","planning","oxygen","tank","fog","cabin","struck","main","cabin","fought","colony","topic","coffee","everything"
"board","steep","man","mud","smooth","yes","trick","accept","kids","height","car","layers","zero","higher","command","seven","giant","rule","visitor","hour","interior","buried","account","forest","fine","stock","notice","famous","fell","adult","strange","dozen","doctor","percent","muscle","thin","grabbed","garden","child","sand","weight","earth","bend","evidence","space","compare","these","brought","cold","score","characteristic","studied","thirty","easier","pass","gasoline","them","species","steel","melted"
"known","positive","walk","grain","four","bat","service","western","active","case","laid","him","traffic","beauty","at","clock","blank","shaking","can","statement","fireplace","influence","brick","color","slabs","condition","greater","pot","face","kitchen","else","balance","chosen","salmon","laid","be","acres","line","wherever","thick","closely","toy","shown","freedom","progress","cheese","flower","pipe","steam","sang","effort","chapter","beneath","division","sail","club","task","tobacco","nails","shoulder"
"lungs","older","log","farmer","station","behavior","sail","studied","planet","has","captured","decide","happened","opportunity","second","seat","broad","percent","even","section","toy","date","mathematics","birth","garage","family","government","position","elephant","foot","here","be","setting","future","whispered","page","political","potatoes","camera","butter","put","chain","leather","mighty","equator","development","great","rhyme","family","gray","pipe","passage","rhythm","suggest","develop","shot","neighbor","combine","applied","queen"
"construction","thin","together","perfect","universe","origin","browserling","route","firm","industrial","successful","collect","failed","trip","rain","mean","popular","shape","refer","needle","having","seven","east","iron","movie","ruler","camera","soil","flower","her","wide","more","duck","seen","escape","rhythm","obtain","bow","for","darkness","under","merely","milk","those","drive","sit","daily","change","loss","steady","cry","pipe","onlinetools","salt","height","continued","hot","definition","class","remove"
"husband","powder","leaving","advice","mighty","locate","declared","till","front","factor","beside","show","morning","movement","is","more","dance","copy","boy","flag","suit","crowd","war","facing","met","know","glass","daily","instrument","steep","care","constantly","bush","branch","government","needle","spoken","carefully","might","or","forgot","distance","grade","gray","explanation","ruler","someone","strong","young","be","trouble","roar","after","hit","dozen","lips","account","powder","possible","poet"
"let","instrument","dance","done","satisfied","that","wrong","naturally","pass","throughout","wing","grown","indicate","influence","invented","came","badly","sound","being","ready","fill","record","suddenly","thou","field","live","plain","explain","clothing","early","light","selection","ruler","differ","factor","funny","muscle","usual","slept","now","face","thus","pattern","may","numeral","choice","size","wave","seldom","disappear","explore","porch","put","wheat","cent","accurate","turn","sold","rate","green"
"deer","coming","useful","lack","won","load","impossible","fresh","easier","failed","vast","composition","noun","hair","native","worth","receive","plastic","paint","belong","call","establish","its","rush","except","picture","subject","individual","cell","point","pink","fight","union","serious","quickly","studying","slow","is","topic","lower","clean","lack","myself","cat","major","card","expect","noise","south","field","wrapped","smoke","written","pure","famous","higher","oil","tomorrow","frog","chain"
"heart","rush","forty","engineer","teeth","plural","yet","sand","below","progress","chance","represent","rule","accept","mother","edge","butter","capital","doing","extra","distance","food","dropped","poem","doubt","box","each","fat","branch","rich","shape","field","diameter","seen","quite","tears","compound","dear","against","present","join","foreign","part","whether","action","memory","track","receive","alone","too","still","rain","congress","harder","crew","live","pen","repeat","final","carry"
"speed","ago","star","nose","root","shake","find","they","sit","soldier","just","belong","exchange","island","examine","told","swing","reason","sugar","next","seldom","wheel","avoid","minerals","only","diameter","event","wife","cup","story","my","promised","lay","leather","space","funny","border","control","arrow","branch","part","impossible","failed","horse","piece","case","darkness","enjoy","rhyme","gas","unit","deer","political","old","sale","ought","whom","establish","extra","nearly"
"coach","skin","cover","those","board","twice","morning","city","offer","oxygen","here","anyway","jungle","magnet","storm","powder","east","warm","quick","closely","cup","tomorrow","angle","steam","sport","orbit","room","milk","tired","driver","melted","warn","corn","gravity","run","deer","military","those","news","longer","by","college","avoid","fifteen","larger","donkey","aid","young","person","then","copy","trouble","principle","noun","snake","leave","heat","mass","finger","chart"
"blood","grandmother","discuss","frequently","airplane","made","blood","canal","behind","chamber","decide","whole","egg","volume","choose","slowly","laid","bark","anyone","applied","did","plane","order","great","storm","adventure","below","neck","broad","pressure","soon","palace","four","farther","slow","motor","mother","girl","door","system","goose","lunch","allow","selection","respect","develop","nearly","his","driving","heavy","pass","determine","made","mental","other","east","of","visitor","replied","direction"
"statement","before","affect","spider","equal","weigh","simple","farther","but","result","that","art","aboard","worker","station","printed","determine","bone","running","author","treated","baby","mill","jar","fell","away","held","bone","quickly","yesterday","ability","charge","among","wind","street","union","generally","fighting","sent","system","motion","better","home","on","half","once","system","needed","suddenly","variety","cutting","firm","rubbed","two","thick","hidden","actually","solution","without","date"
"glass","mind","tide","beginning","fur","rope","bottle","telephone","recent","lamp","soap","beside","rise","warm","somehow","wash","decide","memory","does","throw","scale","thy","perfectly","rest","follow","mostly","protection","combine","stopped","effort","radio","rose","remove","love","experiment","helpful","onlinetools","store","so","clock","scale","just","rays","nice","income","church","crack","relationship","great","last","palace","only","spoken","tape","third","shoulder","judge","yellow","look","shells"
"save","series","crew","extra","balance","partly","cap","on","house","mother","familiar","record","television","direction","stream","field","stems","symbol","sail","wheel","board","as","sky","afraid","mice","development","tower","characteristic","three","joy","sharp","missing","production","liquid","track","grabbed","someone","mark","mix","hello","though","plate","fast","rhythm","ask","brush","paragraph","compass","smell","tight","specific","journey","blood","disease","exchange","clothing","command","before","stepped","mountain"
"slabs","attention","someone","cup","peace","told","fully","heard","spell","traffic","row","plain","rose","pale","regular","behavior","long","result","meal","noted","pond","send","brick","ice","stand","thought","naturally","occur","coming","flame","listen","quickly","ate","struggle","enter","laugh","involved","wet","one","ability","section","taught","straight","own","throughout","shorter","thumb","minerals","handsome","dead","judge","guess","nest","care","traffic","rapidly","say","eager","told","fish"
"care","church","highway","fuel","price","tool","farm","safety","anyone","walk","wet","symbol","rays","thick","unless","under","valley","smile","deep","hung","goes","loss","winter","day","empty","planning","pupil","bring","chart","evidence","seems","story","struck","seat","bottom","label","suggest","elephant","song","health","test","tape","another","atom","occasionally","led","program","design","into","grown","fuel","spell","physical","golden","anybody","blank","today","seems","once","high"
"arrange","condition","sense","book","plates","hide","tie","position","stairs","nose","attempt","connected","win","parent","noun","load","about","subject","highest","word","window","replied","individual","essential","melted","compare","complete","fireplace","passage","brief","blanket","whole","decide","sent","accurate","wore","now","among","poem","trade","have","born","queen","slope","pair","nation","carbon","when","led","shells","year","pound","city","fence","system","ourselves","prove","scene","knife","eventually"
"balloon","instance","garden","further","stick","even","energy","zoo","hurry","met","sentence","still","leg","official","success","of","scared","above","wooden","tent","held","save","nearest","heart","slight","similar","thirty","path","mainly","do","may","come","label","valley","proud","avoid","fully","were","prepare","bill","frog","feet","sale","contain","engine","model","slow","example","forth","idea","develop","cattle","support","avoid","camp","refused","exclaimed","storm","guide","command"
"claws","voice","widely","as","wide","salt","function","operation","ago","production","myself","passage","apartment","bag","laid","heavy","hearing","surface","given","sight","way","forty","bark","musical","underline","dollar","condition","doubt","main","although","anyway","heat","will","original","those","remember","push","carry","swept","unit","sentence","excited","act","relationship","soft","went","damage","simply","machinery","point","speak","account","sound","duck","golden","lucky","particles","failed","term","sure"
"slipped","prepare","name","flame","taught","sides","newspaper","completely","won","hit","medicine","rocket","son","sit","became","difficulty","collect","massage","church","outer","history","left","command","principle","case","women","went","lift","love","exist","load","swing","interior","indeed","mouse","vapor","supper","cross","sheet","hay","uncle","chair","leader","social","current","offer","attached","fought","finally","toward","author","mice","before","truth","string","central","rhyme","felt","although","offer"
"coal","enemy","energy","copper","longer","air","met","belong","cast","coming","at","fly","ran","universe","word","lips","price","late","barn","judge","jungle","instrument","brief","skin","planning","silly","fed","mouse","harbor","complete","roll","third","watch","aid","worker","swam","cow","frighten","bit","fur","related","mountain","surface","shoot","hung","base","situation","easily","spent","college","winter","throughout","additional","carefully","process","both","future","harder","combination","common"
"wrapped","reason","solve","gave","married","hungry","region","direction","month","goose","secret","return","frame","meet","income","wooden","lion","thousand","strength","upward","principle","refer","each","importance","engineer","run","leader","taught","reason","machinery","volume","paragraph","material","fallen","cream","bend","buffalo","brown","flow","clearly","hand","least","more","but","oil","scientist","asleep","proper","source","apartment","various","drink","sometime","warm","firm","distance","thus","position","track","butter"
"nuts","fast","curious","hospital","student","pony","flame","driving","earn","column","teacher","youth","wheat","get","about","acres","as","sometime","planet","fill","weather","hungry","remember","deeply","surface","danger","pencil","function","familiar","hand","crop","total","glad","about","correct","step","tonight","score","low","addition","war","product","whether","not","night","instead","molecular","evidence","blow","egg","special","port","whistle","favorite","behavior","soap","whom","bound","author","any"
"hall","will","means","vertical","difficulty","enemy","everybody","go","horse","until","wooden","package","manner","full","purple","perhaps","take","alphabet","solid","package","plain","crop","determine","limited","news","take","noun","wait","chamber","won","task","suddenly","nature","knew","become","empty","bend","declared","circus","planned","frequently","spend","worker","express","park","sand","mirror","husband","pine","expect","suit","leaving","real","duty","correct","express","did","battle","stopped","process"
"during","eaten","practice","clear","able","can","slabs","lucky","upper","door","everything","sell","tell","larger","progress","certain","away","seven","drove","pay","doctor","sweet","paid","circle","threw","kitchen","duck","win","applied","wind","shout","nearer","today","act","library","grain","golden","drop","wish","growth","hurry","paid","balance","upper","officer","frame","learn","funny","equally","why","claws","brown","rhythm","belong","mix","music","stream","busy","volume","place"
"bit","final","machine","someone","stone","trail","mouse","exclaimed","thee","mass","page","trace","throughout","particularly","wind","hole","soldier","fireplace","return","continent","daily","likely","nature","danger","green","known","shaking","felt","supper","aboard","locate","which","sheet","immediately","table","shirt","ever","properly","drink","some","fellow","longer","cattle","pick","spider","climb","instant","were","observe","shine","own","tin","similar","merely","grown","jungle","basic","seed","hit","found"
"began","wet","tail","share","forget","nine","topic","few","star","tail","consonant","somebody","grain","popular","nothing","fire","air","beyond","dance","tried","life","cent","rhythm","bound","although","slabs","court","running","story","stranger","seems","several","rock","show","church","serve","sleep","experience","us","suggest","join","city","term","wonderful","support","seven","football","tune","price","kitchen","balloon","unhappy","felt","seen","specific","point","thrown","fat","particles","year"
"division","success","shown","passage","cookies","written","pupil","store","mistake","forest","major","hearing","goose","wolf","disease","smaller","bit","wool","minerals","mud","be","taste","ready","distance","upward","pack","neighborhood","speech","merely","trap","shore","aid","pen","victory","happy","theory","quarter","shallow","dry","border","earn","meet","ability","sing","record","silent","furniture","rope","both","swing","even","bare","rod","represent","chicken","powerful","down","vowel","affect","oldest"
"plate","gas","laid","drove","troops","love","taste","knowledge","length","brown","rubbed","dug","fully","orange","month","cheese","movement","mouse","affect","tune","shown","crack","pick","bare","page","bus","teach","coming","rubber","handle","plain","consist","meant","play","horn","pupil","broken","tropical","cabin","limited","determine","mood","older","wish","hard","hungry","word","herself","play","porch","molecular","terrible","smaller","youth","speech","nice","sad","science","exist","both"
"effort","noon","pleasure","loud","desk","act","begun","dangerous","nice","mission","them","muscle","sometime","out","made","third","wise","contrast","declared","shallow","club","opportunity","broke","ball","who","golden","order","box","courage","allow","noon","pound","visitor","mass","arrive","medicine","settle","journey","spite","maybe","deer","fairly","tone","fat","stove","porch","climate","area","darkness","push","lucky","fire","wait","play","whale","brick","raise","swing","bound","excitement"
"surprise","policeman","heart","work","nervous","equal","noun","cat","some","pie","future","stepped","visit","political","shaking","hold","nobody","open","battle","talk","hungry","wherever","card","final","pair","chair","whenever","cloud","have","frame","rest","are","position","begun","author","wolf","disappear","discussion","attention","track","carried","may","scared","tired","instant","travel","were","studying","flew","hard","alive","divide","apart","headed","money","wire","parent","nation","frozen","task"
"guess","molecular","nature","carefully","pass","spider","variety","while","mill","anybody","knew","caught","unit","rod","when","right","whistle","instant","growth","shinning","slept","route","fort","terrible","earn","helpful","goes","instrument","huge","station","around","needs","age","butter","ordinary","turn","week","vote","determine","within","top","sight","has","silly","yard","tribe","come","porch","upper","darkness","cage","fix","body","sport","longer","gain","seeing","solar","afternoon","peace"
"instance","mill","explanation","draw","cave","steel","pet","settle","point","type","happen","temperature","property","card","mice","matter","separate","another","salt","including","birthday","common","simplest","brass","generally","pull","source","declared","discover","wet","before","attention","series","quite","how","education","cool","swung","vote","hung","fort","pilot","organization","mad","horn","steam","simplest","directly","repeat","wherever","smaller","team","this","busy","grow","mix","grass","adventure","brown","congress"
"stuck","bridge","think","fed","pass","ranch","eaten","seed","wind","universe","individual","monkey","balance","swept","cookies","save","completely","stems","blank","meet","desert","manner","flow","excitement","per","pay","good","pleasure","upon","silk","goes","stronger","storm","remain","eager","hurried","apple","identity","nuts","sent","deal","taught","color","frozen","continued","basic","smooth","deep","eager","bet","mirror","young","idea","near","cover","pain","mass","anywhere","becoming","vertical"
"plastic","whom","differ","hard","swept","minute","yourself","solve","stuck","hat","apple","chair","fun","each","paragraph","exciting","carefully","consist","method","topic","extra","article","stomach","victory","close","expression","missing","tell","cookies","figure","variety","attack","happened","original","chicken","colony","carbon","thumb","airplane","almost","worry","disease","promised","threw","escape","given","his","strength","labor","situation","pleasure","owner","cookies","understanding","its","song","mix","enter","wise","around"
"compare","star","buried","choice","main","basket","oxygen","building","thee","saved","case","wood","clean","ill","made","cow","light","couple","gravity","guide","under","almost","pretty","pilot","trouble","bound","whale","these","identity","stove","up","view","push","might","toward","baby","shall","sound","tape","perhaps","stick","has","directly","above","it","main","willing","orbit","cap","crack","secret","sheep","his","chamber","knowledge","might","due","noted","generally","unit"
"machine","pleasant","giving","moment","thick","triangle","space","immediately","slabs","gone","shore","duck","broke","search","fair","within","center","lips","remove","clothing","package","behavior","someone","born","until","gently","fed","fireplace","official","of","suddenly","actually","distance","due","stretch","how","met","donkey","stone","applied","wash","experiment","eye","recall","lose","kept","moon","tape","factory","courage","fine","yellow","term","flies","sure","recall","monkey","letter","oldest","measure"
"struggle","taught","accident","swimming","seeing","kids","means","carefully","crop","carried","snow","snake","breathe","am","your","mirror","mysterious","post","poem","somehow","road","evening","frame","castle","substance","jack","spring","show","happy","toy","fallen","represent","basis","thank","crew","somebody","table","somehow","into","chair","roll","pond","out","stock","leaf","foot","song","speed","disease","scared","happily","easily","mental","nothing","doubt","cry","gift","pale","your","ocean"
"observe","fox","team","necessary","teacher","valley","hold","completely","salmon","court","giving","while","specific","taught","foot","college","motion","type","solution","sell","completely","around","ship","arm","citizen","loose","mouse","tried","widely","kept","poem","shorter","post","nuts","flew","chemical","cannot","alone","smallest","soldier","traffic","pure","outside","speed","saved","except","tin","threw","forty","atomic","time","per","get","definition","wooden","palace","gray","chicken","by","life"
"gas","deal","drink","gas","dawn","progress","dug","stepped","port","hurry","winter","title","girl","life","branch","composition","band","moment","mirror","basket","thank","bent","ahead","grown","best","rhyme","worker","additional","silly","thread","table","planned","primitive","stand","develop","arrange","block","move","nothing","explore","thought","fighting","widely","particular","cover","season","character","major","steam","scene","evening","weigh","themselves","somehow","nuts","beyond","corn","rope","get","radio"
"on","slipped","river","feature","plain","trick","vast","usual","term","slave","sick","numeral","face","frighten","fallen","share","sitting","see","start","avoid","serve","third","try","sleep","declared","cover","vapor","blue","goes","any","saddle","corner","chief","trap","police","thin","take","minerals","now","drive","light","these","shadow","sad","sent","according","news","corner","treated","saddle","former","claws","bad","castle","account","meet","machinery","electricity","slow","composed"
"satellites","blank","listen","bet","similar","disappear","married","grow","mail","are","matter","anybody","wish","effort","must","bark","swam","while","refer","famous","over","rock","known","means","tax","wrote","bush","to","colony","myself","yes","you","smaller","kill","afraid","men","pond","himself","girl","heading","foot","start","buffalo","younger","remain","chose","suppose","offer","dried","strip","torn","syllable","pink","morning","pipe","golden","fine","exact","pilot","mainly"